{
  "ev_improvements": {
    "mean": 69.61794465859022,
    "median": 69.61794465859022,
    "std": NaN,
    "min": 69.61794465859022,
    "max": 69.61794465859022,
    "positive_count": "1",
    "negative_count": "0"
  },
  "sharpe_improvements": {
    "mean": 13.828262859804292,
    "median": 13.828262859804292,
    "std": NaN,
    "min": 13.828262859804292,
    "max": 13.828262859804292,
    "positive_count": "1",
    "negative_count": "0"
  },
  "retention_rates": {
    "mean": 0.34,
    "median": 0.34,
    "std": NaN,
    "min": 0.34,
    "max": 0.34
  },
  "model_accuracies": {
    "mean": 0.76,
    "median": 0.76,
    "std": NaN,
    "min": 0.76,
    "max": 0.76
  }
}