{
  "next_event_date": "2025-09-05",
  "holdout_mae": {
    "y2": {
      "ridge": 18.37222019204556,
      "rf": 10.441384507535288,
      "q50": 10.1837330067462
    },
    "y10": {
      "ridge": 15.854220818620734,
      "rf": 7.945485906691689,
      "q50": 8.262313437172393
    }
  },
  "ensemble": {
    "y2_bps": {
      "point": -0.15113884439634337,
      "q5": -12.698710471688761,
      "q25": -6.9568341426317915,
      "q75": 0.18757898490119262,
      "q95": 6.625642736979914,
      "p_tail_gt_10bps": 0.2357142857142857
    },
    "y10_bps": {
      "point": -2.923612738881485,
      "q5": -6.88064567200749,
      "q25": -4.73637840011828,
      "q75": 1.0896044400306597,
      "q95": 6.615458163947547,
      "p_tail_gt_10bps": 0.10714285714285714
    }
  }
}