{
  "tail_threshold_bps": 10.0,
  "quantile_forecast": {
    "y2_bps": {
      "q5": -7.526772263750475,
      "q25": -5.289672742776042,
      "q50": 1.318143566543949,
      "q75": 2.5641063314367005,
      "q95": 6.625642736979914
    },
    "y10_bps": {
      "q5": -4.8634639126127865,
      "q25": -5.084311186901752,
      "q50": -4.7240235781679845,
      "q75": 2.129991574795322,
      "q95": 6.615458163947547
    },
    "spx_pct": {
      "q5": -0.7330776681511758,
      "q25": -0.11076581029126777,
      "q50": 0.13771387148833605,
      "q75": 0.2546297276999896,
      "q95": 0.7118048874455878
    }
  },
  "tail_risk": {
    "y2_abs_gt_10bps": 0.9616554212208496,
    "y10_abs_gt_10bps": 0.002742831386259439
  },
  "nonlinear_point": {
    "y2_bps_rf": -0.15113884439634356,
    "y10_bps_rf": -2.923612738881487,
    "spx_pct_rf": 0.0390281021970161
  },
  "ridge_point_existing": {
    "y2_bps_bootstrap_median": -5.514501275134082,
    "y10_bps_bootstrap_median": -2.127447970275977,
    "spx_pct_bootstrap_median": -0.029184458090361298
  }
}